DayOfWeek,ArrDel15
1,0.24485259204903526
2,0.20849490486067274
3,0.22201934131331574
4,0.26416376268437547
5,0.23702500811951932
6,0.22316713159819082
7,0.27717223423502935
