DayOfWeek,ArrDel15
1,0.23320000935606858
2,0.20204221558352514
3,0.22653071228981814
4,0.26335148900049515
5,0.2431976771413853
6,0.21817744216131651
7,0.2692447922996524
