Reporting_Airline,ArrDel15
HA,0.3131868131868132
OH,0.31311809191390344
F9,0.305463474524248
G4,0.294532130777903
AS,0.28478613968597727
B6,0.26799508924355464
UA,0.24727360853057598
AA,0.23618776830016167
DL,0.23085481179306508
MQ,0.22761114656456072
OO,0.22515740487270736
YX,0.2248157418034487
WN,0.21850036661135339
NK,0.2039323273891175
9E,0.2005837092066861
