Month,ArrDel15
1,0.2148576145274453
2,0.2654832347140039
3,0.1911907254468613
4,0.18704703161141095
5,0.25483538702170677
6,0.30868600412109687
7,0.30666823289870393
8,0.1998267289437999
9,0.1708528843499862
10,0.27310940138862827
11,0.27345174847355486
12,0.23958333333333334
