DepHour,ArrDel15
5,0.11516155758077878
6,0.1167514534883721
7,0.12799242595013752
8,0.14674962454408924
9,0.16269293135547414
10,0.17381576917142416
11,0.19574175824175824
12,0.1997443450230645
13,0.23241132443865928
14,0.28846153846153844
15,0.3220073465859983
16,0.3185133945415671
17,0.33802129114171303
18,0.3533724340175953
19,0.3298415608223124
20,0.3429166332986306
21,0.33732839398561776
22,0.3493125232255667
23,0.4
