Origin,ArrDel15
IAG,0.2952586206896552
SWF,0.2802653399668325
PBG,0.2727272727272727
LGA,0.2507393007790804
JFK,0.2400695993232331
ISP,0.2327419976860779
SYR,0.2312754015869944
ROC,0.22456699183754728
HPN,0.22395390573344667
ALB,0.21722081529286824
BUF,0.20946012390598878
ELM,0.18436213991769548
BGM,0.15384615384615385
ITH,0.12698412698412698
