model,accuracy,precision,recall,f1,roc_auc
DecisionTree,0.6848091929034512,0.40026156387665196,0.6265826194709336,0.4884810046832014,0.7197153625964625
