model,accuracy,precision,recall,f1,roc_auc
LogisticRegression,0.6182046404492928,0.34589494437403184,0.6616561607672,0.45429660045130027,0.6793500090008725
