model,accuracy,precision,recall,f1,roc_auc
NaiveBayes,0.39072427759876804,0.258892946507067,0.8250094283713162,0.39411136419204984,0.5845854643170211
