model,accuracy,precision,recall,f1,roc_auc
RandomForest,0.6453666679607127,0.3698799435028249,0.6772264425408113,0.478447045389666,0.7180190600151359
