model,accuracy,precision,recall,f1,roc_auc
XGBoost,0.7075585232345977,0.4300997091815538,0.6693066106352028,0.5236800505848878,0.7632035461356736
